group,date,sender,username,keywords,link,text
Испания | Для Своих | Чат,2026-03-20 17:02,😈,Gcat8,испанский,https://t.me/spain_chatss/128018,Снимем дом /бунгало на длительный срок . До 1500€ Бенидорм /пригород/пригороды Аликанте и торревьехи/главное что бы море рядом было .постоянный хороший доход/рабочий контракт но не испанский .
Испания Барселона Чат,2026-03-23 15:57,TeronaX,TeronaX,репетитор,https://t.me/spain_granitsa/210598,"Добрый день, ищу себе репетитора по испанскому языку. Могу изучать онлайн/офлайн (Барселона)"
"Аліканте, Amigos de Ucrania asociación Alicante",2026-03-23 09:44,Aleksandr лайф,mastealikante,испанский,https://t.me/amigosalicanteucrania/142110,"Добрый день. Мне нужна доставка по Аликанте с Абрамата к Plaza del Toros примерно , нужна на 12.00 . Нужно привезти шесть листов гипсокартона 2.5×1.2 , 10 трехметровых профилей, дверь межкомнатную, ну и кое-что по мелочи. Нужно это загрузить в вашу машину привезти на адрес и поднять на первый испанс"
"Аліканте, Amigos de Ucrania asociación Alicante",2026-03-19 16:37,"Tatiana SANITAS, МЕДИЦИНА , СТРАХОВКИ https://t.me/tatianasegurosanitas",Sanitasseguros,испанский,https://t.me/amigosalicanteucrania/141755,"К сожалению нет такого.  Есть терапевты или семейный врач, который может дать направление на гормоны  Если именно нужен эндокринолог то тогда это испанский врач , многие говорят на английском"
Коста Бланка | Costa Blanca 🇪🇸 Чат | Испания,2026-03-24 14:55,Максим Топников,maksim56890,"Испанский, испанский",https://t.me/costablanca_es/171953,"Привет! Меня зовут Максим Я студент Университета Аликанте, живу и учусь в испанской среде, свободно владею испанским языком и также преподаю английский для начального и среднего уровня.  Моя цель - не просто объяснять правила, а помочь вам начать говорить свободно и уверенно.  🇪🇸 Испанский язык 🔹 Ра"
Коста Бланка | Costa Blanca 🇪🇸 Чат | Испания,2026-03-24 11:46,,,Español,https://t.me/costablanca_es/171919,"📍Barredos Asturias (Pola de Laviana)  🇪🇸 Leer en Español 📸 Fotos  Продается квартира в отличном месте, в центре городка Barredos на 3 этаже трех этажного кирпичного дома.  Квартира состоит из 3х спален, просторной кухни гостинной, и балкона.  ❤️Характеристики: 🏢 3 этаж 📐 Площадь: 62 м² 🛏️ 3 спальни "
Коста Бланка | Costa Blanca 🇪🇸 Чат | Испания,2026-03-24 09:39,Rezidentka,rezidentka78,испанский,https://t.me/costablanca_es/171910,"Всем привет 👋🏻   Делаю: 🔹скульптурный  массаж лица -1час - 30€ 🔹миофасциальный - 1час-30€ 🔹испанский хиромассаж -1час-30€ 🔹буккальный +лимфодренажный  -40 мин - 25€ 🔹3д моделирование лица. (включает в себя миофасциальный, буккальный и лимфодренажный)  - 1час 30мин -40€ 🔹 аппаратный вибрационно-вакуу"
Коста Бланка | Costa Blanca 🇪🇸 Чат | Испания,2026-03-23 09:52,Rezidentka,rezidentka78,испанский,https://t.me/costablanca_es/171748,"Всем привет 👋🏻   Делаю: 🔹скульптурный  массаж лица -1час - 30€ 🔹миофасциальный - 1час-30€ 🔹испанский хиромассаж -1час-30€ 🔹буккальный +лимфодренажный  -40 мин - 25€ 🔹3д моделирование лица. (включает в себя миофасциальный, буккальный и лимфодренажный)  - 1час 30мин -40€ 🔹 аппаратный вибрационно-вакуу"
Коста Бланка | Costa Blanca 🇪🇸 Чат | Испания,2026-03-21 15:16,Rezidentka,rezidentka78,испанский,https://t.me/costablanca_es/171645,"Всем привет 👋🏻   Делаю: 🔹скульптурный  массаж лица -1час - 30€ 🔹миофасциальный - 1час-30€ 🔹испанский хиромассаж -1час-30€ 🔹буккальный +лимфодренажный  -40 мин - 25€ 🔹3д моделирование лица. (включает в себя миофасциальный, буккальный и лимфодренажный)  - 1час 30мин -40€ 🔹 аппаратный вибрационно-вакуу"
Коста Бланка | Costa Blanca 🇪🇸 Чат | Испания,2026-03-20 14:05,Rezidentka,rezidentka78,испанский,https://t.me/costablanca_es/171575,"Всем привет 👋🏻   Делаю: 🔹скульптурный  массаж лица -1час - 30€ 🔹миофасциальный - 1час-30€ 🔹испанский хиромассаж -1час-30€ 🔹буккальный +лимфодренажный  -40 мин - 25€ 🔹3д моделирование лица. (включает в себя миофасциальный, буккальный и лимфодренажный)  - 1час 30мин -40€ 🔹 аппаратный вибрационно-вакуу"
Коста Бланка | Costa Blanca 🇪🇸 Чат | Испания,2026-03-19 23:49,Максим Топников,maksim56890,"Испанский, испанский",https://t.me/costablanca_es/171534,"Привет! Меня зовут Максим Я студент Университета Аликанте, живу и учусь в испанской среде, свободно владею испанским языком и также преподаю английский для начального и среднего уровня.  Моя цель - не просто объяснять правила, а помочь вам начать говорить свободно и уверенно.  🇪🇸 Испанский язык 🔹 Ра"
Коста Бланка | Costa Blanca 🇪🇸 Чат | Испания,2026-03-19 11:18,Rezidentka,rezidentka78,испанский,https://t.me/costablanca_es/171501,"Всем привет 👋🏻   Делаю: 🔹скульптурный  массаж лица -1час - 30€ 🔹миофасциальный - 1час-30€ 🔹испанский хиромассаж -1час-30€ 🔹буккальный +лимфодренажный  -40 мин - 25€ 🔹3д моделирование лица. (включает в себя миофасциальный, буккальный и лимфодренажный)  - 1час 30мин -40€ 🔹 аппаратный вибрационно-вакуу"
ИСПАНИЯ УСЛУГИ СЕРВИС 24,2026-03-25 11:00,Reklama Planner,ReklamaPlanbot,"испанский, репетитор",https://t.me/servicio24/112467,"Мастера провинции Аликанте  👇 Откройте приложение и напишите мастеру напрямую — это бесплатно.  SERVI — мобильное приложение, где уже более 200 специалистов по всей провинции Аликанте.  🔧 Электрик, косметолог, фотограф, стоматолог, трансфер, репетитор, груминг, хестор и другие услуги   💬 Без посредн"
ИСПАНИЯ УСЛУГИ СЕРВИС 24,2026-03-24 07:07,Andrey,andreyporley,испанский,https://t.me/servicio24/112337,"Переводы и сопровождение в Валенсийском сообществе, Мурсии, другие регионы по согласованию. Возможны поездки. 🔹 Медицинские и технические переводы. Параллельный перевод. 🔹 Участие в переговорах и деловых встречах, подготовка материала. Административные органы, компании, заводы-производители. Любая с"
ИСПАНИЯ УСЛУГИ СЕРВИС 24,2026-03-23 12:00,Marina,Kristofer1012,"испанский, репетитор",https://t.me/servicio24/112265,"Коллеги, доброго! Ищу любую посильную работу 🙏    Готова помочь в разных сферах:   • помощь по дому   • помощь на кухне в кафе   • забирать и отводить детей из школы или детского сада   • помощь с уроками (на русском языке)   • репетиторство по математике до 9 класса (включая подготовку к ОГЭ)   • у"
Чат / Аликанте / Alicante,2026-03-21 16:26,Vitalii,,"испанский, репетитор",https://t.me/es_ruso/71871,"есть как раз проверенный репетитор испанского языка - носитель языка и по стране берет раза в 2 дешевле остальных. Куча перепробовал разных уже, намучился. Думал испанский не моё. А оказалось дело в учителе было. С этим репетитором ты быстро начинаешь разговаривать. Уроки индивидуальные по цене груп"
Чат / Аликанте / Alicante,2026-03-21 11:29,Camila Rodríguez,CamilaRodriguezAlicante,испанский,https://t.me/es_ruso/71845,"Переводчик испанский-русский в Аликанте. Сопровождение в hospital, ayuntamiento, полиция, помощь с документами.”  🇪🇸 АЛИКАНТЕ | ПЕРЕВОДЧИК И СОПРОВОЖДЕНИЕ Помогу русскоязычным в Аликанте  🔹 Перевод испанский ↔ русский 🔹 Сопровождение в больницу, к врачу мэрию (Ayuntamiento), в полицию, в банк... 🔹 П"
Виза D Испания,2026-03-24 08:05,Alex Beck,AlexBeckk,испанский,https://t.me/visadesp/478088,Легализация - когда у вас есть  перевод документа на испанский и в консульстве этот перевод заверяют Есть присяжный перевод - когда переводчик(хурадо) - делает все. И переводит и заверяет
Виза D Испания,2026-03-20 09:08,Natalia Govorukhina,,испанский,https://t.me/visadesp/477591,Добрый день! Подскажите пожалуйста на первую подачу no lucrativa сейчас нужен только испанский счет или можно показать деньги на счету в Киргизии или Грузии?
Виза D Испания,2026-03-19 17:51,lexa k ⋆｡°,thinkaboutfrogs,испанский,https://t.me/visadesp/477512,"Привет! Я админ этого чата, и я преподаю испанский 🤗  🇪🇦 Закончила университет в Андалусии по специальности ""Испанская филология"" на отлично, лингвистическую магистратуру в Мадриде (UCM, matrícula de honor), а сейчас получаю докторскую степень 🗓️ Преподаю уже больше 6 лет  🦸 С учениками при хорошей "
Виза D Испания,2026-03-19 17:47,Александра,sashenka2233,испанский,https://t.me/visadesp/477511,"Я просто уже боюсь третий раз подаваться на с . И подавалась через помогаторов , они вообще говорят , что нельзя показывать , что я резидент . Иначе откажут . Плюс надо кучу липы типа билетов на самолет , которым мы не полетим и отель . Хотя там я живу у мужа на съемной квартире . Но надо именно гос"
Valencia Útil,2026-03-24 11:11,Anastasia Breslavskaya,a_breslavskaya,испанский,https://t.me/ValenciaUtil/14585,"Ты на уровне A2 в испанском 🇪🇸🇲🇽 и хочешь идти дальше?  Знаешь слова, грамматику, но говорить сложно.  Времена путаются, subjuntivo пугает, а носители говорят слишком быстро.  Мы открываем набор в группу A2 → B1 в онлайн-школе Pana Hispana.  🔸Занятия 1,5 часа с преподавателем, которая 12+ лет препод"
"Українці в Барселоні, Українці в Іспанії",2026-03-24 15:46,Edita Café Español Academy,,испанский,https://t.me/mibarcelona/40578,Встреча экспатов – практикуем испанский с нашими преподавателями! 📍 Smart Bar – Сант-Кугат (рядом со станцией S2 Volpelleres) 🗓 25 марта 💶 8€ – в стоимость входит напиток + закуски Подходит для всех уровней 🤍 ⚡ Мест ограничено! Для брони пишите в WhatsApp: 616750829
"Українці в Барселоні, Українці в Іспанії",2026-03-23 04:58,Vitaly,,"испанский, репетитор",https://t.me/mibarcelona/40511,"есть как раз проверенный репетитор испанского языка - носитель языка и по стране берет раза в 2 дешевле остальных. Куча перепробовал разных уже, намучился. Думал испанский не моё. А оказалось дело в учителе было. С этим репетитором ты быстро начинаешь разговаривать. Уроки индивидуальные по цене груп"
"Українці в Барселоні, Українці в Іспанії",2026-03-22 09:42,Vitalii,,"испанский, репетитор",https://t.me/mibarcelona/40306,"есть как раз проверенный репетитор испанского языка - носитель языка и по стране берет раза в 2 дешевле остальных. Куча перепробовал разных уже, намучился. Думал испанский не моё. А оказалось дело в учителе было. С этим репетитором ты быстро начинаешь разговаривать. Уроки индивидуальные по цене груп"
"Українці в Барселоні, Українці в Іспанії",2026-03-22 07:10,Юлія,,РЕПЕТИТОР,https://t.me/mibarcelona/40298,"🌟 РЕПЕТИТОР ХІМІЇ ОНЛАЙН 🔬  Хімія не повинна лякати! Я – кваліфікований спеціаліст з великим досвідом, і допомагаю зрозуміти навіть найскладніші теми легко і цікаво. Разом ми зробимо домашні завдання, підготуємося до контрольних, тестів і іспитів, а головне – навчимося мислити логічно та впевнено ро"
"Українці в Іспанії, Іспанія і українці, Українці в Севільї (Андалусія)",2026-03-19 12:59,Марина,Marynaa065,репетитор,https://t.me/espanolukraine/7574,"Добрий день!  Хто шукає репетитора з англійської мови, можу допомогти. Для дітей перше заняття безкоштовне. Всі деталі в особисті."
Моя Валенсия | Испания,2026-03-24 14:03,,moyavalencia,ученики,https://t.me/moyavalencia/3703,"☑️ работа в европейской компании за 4 месяца; ☑️ выступление на встрече на английском и повышение за 6 месяцев.  Таких результатов достигли Павел и Екатерина – ученики, пришедшие ко мне с неуверенным В1. Через несколько месяцев Павел прошел собеседование на английском, а Екатерина получила повышение"
Моя Валенсия | Испания,2026-03-21 14:03,,moyavalencia,испанский,https://t.me/moyavalencia/3690,"👋 Привет!  Меня зовут Максим. Я живу в Валенсии с 2023 года, инвестирую в испанский рынок недвижимости и помогаю с получением ипотеки, включая нестандартные ситуации:  — «сложные» источники дохода  — короткую историю доходов в Испании  — ограниченный первоначальный взнос  — отказы в банках  — горящи"
Всё о Валенсии. Дружеский чат без рекламы.,2026-03-22 07:54,Aleksandr Sekin,aleksandr_astrakhan,испанский,https://t.me/valenciarusia/189094,А доход с РФ смотрели с российских банков(по выписке с приложения) или требуется показать поступление на счет испанский?
Всё о Валенсии. Дружеский чат без рекламы.,2026-03-18 21:17,Natalia,soyNatalia_R,испанский,https://t.me/valenciarusia/188991,"1. Abastos, она же Serrano Morales. https://share.google/UjtWxbXiGXSN98f2d  2. Universitat Popular- филиалы в разных районах, но испанский в 1- 2 из них. https://share.google/bUo2WkzTeTGOTLKQ7  3. Escuelas de los adultos в гугле- их много по районам, например,  Centro de Formación Innovación y Recur"
